{
  "background": {
    "grey": {
      "default": {
        "value": "{grey.300}",
        "type": "color"
      },
      "hover": {
        "value": "{grey.400}",
        "type": "color"
      },
      "pressed": {
        "value": "{grey.500}",
        "type": "color"
      },
      "bold": {
        "default": {
          "value": "{grey.1200}",
          "type": "color"
        },
        "hover": {
          "value": "{grey.1000}",
          "type": "color"
        },
        "pressed": {
          "value": "{grey.800}",
          "type": "color"
        }
      },
      "subtle": {
        "default": {
          "value": "{grey.200}",
          "type": "color"
        },
        "hover": {
          "value": "{grey.300}",
          "type": "color"
        },
        "pressed": {
          "value": "{grey.500}",
          "type": "color"
        }
      },
      "subtlest": {
        "hover": {
          "value": "{grey.100}",
          "type": "color"
        }
      }
    },
    "negative": {
      "bold": {
        "default": {
          "value": "{negative.700}",
          "type": "color"
        },
        "hover": {
          "value": "{negative.800}",
          "type": "color"
        },
        "pressed": {
          "value": "{negative.900}",
          "type": "color"
        }
      },
      "default": {
        "value": "{negative.200}",
        "type": "color"
      },
      "hover": {
        "value": "{negative.500}",
        "type": "color"
      },
      "pressed": {
        "value": "{negative.600}",
        "type": "color"
      },
      "subtle": {
        "value": "{negative.100}",
        "type": "color"
      }
    },
    "success": {
      "bold": {
        "default": {
          "value": "{positive.700}",
          "type": "color"
        },
        "hover": {
          "value": "{positive.800}",
          "type": "color"
        },
        "pressed": {
          "value": "{positive.900}",
          "type": "color"
        }
      },
      "default": {
        "value": "{positive.200}",
        "type": "color"
      },
      "hover": {
        "value": "{positive.500}",
        "type": "color"
      },
      "pressed": {
        "value": "{positive.600}",
        "type": "color"
      }
    },
    "warning": {
      "bold": {
        "default": {
          "value": "{warning.700}",
          "type": "color"
        },
        "hover": {
          "value": "{warning.800}",
          "type": "color"
        },
        "pressed": {
          "value": "{warning.900}",
          "type": "color"
        }
      },
      "default": {
        "value": "{warning.200}",
        "type": "color"
      },
      "hover": {
        "value": "{warning.500}",
        "type": "color"
      },
      "pressed": {
        "value": "{warning.600}",
        "type": "color"
      },
      "subtle": {
        "value": "{warning.100}",
        "type": "color"
      }
    },
    "informative": {
      "bold": {
        "default": {
          "value": "{info.700}",
          "type": "color"
        },
        "hover": {
          "value": "{info.800}",
          "type": "color"
        },
        "pressed": {
          "value": "{info.900}",
          "type": "color"
        }
      },
      "default": {
        "value": "{info.200}",
        "type": "color"
      },
      "hover": {
        "value": "{info.500}",
        "type": "color"
      },
      "pressed": {
        "value": "{info.600}",
        "type": "color"
      }
    },
    "brand-blue": {
      "bold": {
        "default": {
          "value": "{brand-blue.700}",
          "type": "color"
        },
        "hover": {
          "value": "{brand-blue.800}",
          "type": "color"
        },
        "pressed": {
          "value": "{brand-blue.900}",
          "type": "color"
        }
      },
      "default": {
        "value": "{brand-blue.200}",
        "type": "color"
      },
      "hover": {
        "value": "{brand-blue.500}",
        "type": "color"
      },
      "pressed": {
        "value": "{brand-blue.600}",
        "type": "color"
      },
      "subtle": {
        "value": "{brand-blue.100}",
        "type": "color"
      }
    },
    "disabled": {
      "value": "{grey.500}",
      "type": "color"
    },
    "inverse": {
      "value": "{grey.0}",
      "type": "color"
    },
    "accent": {
      "red": {
        "pressed": {
          "value": "{accent.red.900}",
          "type": "color"
        },
        "default": {
          "value": "{accent.red.700}",
          "type": "color"
        },
        "subtlest": {
          "value": "{accent.red.200}",
          "type": "color"
        },
        "hover": {
          "value": "{accent.red.800}",
          "type": "color"
        },
        "subtle": {
          "value": "{accent.red.500}",
          "type": "color"
        }
      },
      "orange": {
        "default": {
          "value": "{accent.orange.700}",
          "type": "color"
        },
        "pressed": {
          "value": "{accent.orange.900}",
          "type": "color"
        },
        "subtlest": {
          "value": "{accent.orange.200}",
          "type": "color"
        },
        "hover": {
          "value": "{accent.orange.800}",
          "type": "color"
        },
        "subtle": {
          "value": "{accent.orange.500}",
          "type": "color"
        }
      },
      "yellow": {
        "default": {
          "value": "{accent.yellow.700}",
          "type": "color"
        },
        "hover": {
          "value": "{accent.yellow.800}",
          "type": "color"
        },
        "subtlest": {
          "value": "{accent.yellow.200}",
          "type": "color"
        },
        "pressed": {
          "value": "{accent.yellow.900}",
          "type": "color"
        },
        "subtle": {
          "value": "{accent.yellow.500}",
          "type": "color"
        }
      },
      "lime": {
        "subtlest": {
          "value": "{accent.lime.200}",
          "type": "color"
        },
        "default": {
          "value": "{accent.lime.700}",
          "type": "color"
        },
        "hover": {
          "value": "{accent.lime.800}",
          "type": "color"
        },
        "pressed": {
          "value": "{accent.lime.900}",
          "type": "color"
        },
        "subtle": {
          "value": "{accent.lime.500}",
          "type": "color"
        }
      },
      "green": {
        "subtlest": {
          "value": "{accent.green.200}",
          "type": "color"
        },
        "default": {
          "value": "{accent.green.700}",
          "type": "color"
        },
        "hover": {
          "value": "{accent.green.800}",
          "type": "color"
        },
        "pressed": {
          "value": "{accent.green.900}",
          "type": "color"
        },
        "subtle": {
          "value": "{accent.green.500}",
          "type": "color"
        }
      },
      "cyan": {
        "subtlest": {
          "value": "{accent.cyan.200}",
          "type": "color"
        },
        "default": {
          "value": "{accent.cyan.700}",
          "type": "color"
        },
        "hover": {
          "value": "{accent.cyan.800}",
          "type": "color"
        },
        "pressed": {
          "value": "{accent.cyan.900}",
          "type": "color"
        },
        "subtle": {
          "value": "{accent.cyan.500}",
          "type": "color"
        }
      },
      "blue": {
        "subtlest": {
          "value": "{accent.blue.200}",
          "type": "color"
        },
        "default": {
          "value": "{accent.blue.700}",
          "type": "color"
        },
        "hover": {
          "value": "{accent.blue.800}",
          "type": "color"
        },
        "pressed": {
          "value": "{accent.blue.900}",
          "type": "color"
        },
        "subtle": {
          "value": "{accent.blue.500}",
          "type": "color"
        }
      },
      "indingo": {
        "subtlest": {
          "value": "{accent.indingo.200}",
          "type": "color"
        },
        "default": {
          "value": "{accent.indingo.700}",
          "type": "color"
        },
        "hover": {
          "value": "{accent.indingo.800}",
          "type": "color"
        },
        "pressed": {
          "value": "{accent.indingo.900}",
          "type": "color"
        },
        "subtle": {
          "value": "{accent.indingo.500}",
          "type": "color"
        }
      },
      "purple": {
        "subtlest": {
          "value": "{accent.purple.200}",
          "type": "color"
        },
        "default": {
          "value": "{accent.purple.700}",
          "type": "color"
        },
        "hover": {
          "value": "{accent.purple.800}",
          "type": "color"
        },
        "pressed": {
          "value": "{accent.purple.900}",
          "type": "color"
        },
        "subtle": {
          "value": "{accent.purple.500}",
          "type": "color"
        }
      },
      "pink": {
        "subtlest": {
          "value": "{accent.pink.200}",
          "type": "color"
        },
        "default": {
          "value": "{accent.pink.700}",
          "type": "color"
        },
        "hover": {
          "value": "{accent.pink.800}",
          "type": "color"
        },
        "pressed": {
          "value": "{accent.pink.900}",
          "type": "color"
        },
        "subtle": {
          "value": "{accent.pink.500}",
          "type": "color"
        }
      }
    },
    "transparent": {
      "value": "#ffffff03",
      "type": "color"
    },
    "selected": {
      "default": {
        "value": "{brand-blue.200}",
        "type": "color"
      }
    },
    "brand-yellow": {
      "default": {
        "value": "{brand-yellow.200}",
        "type": "color"
      },
      "hover": {
        "value": "{brand-yellow.500}",
        "type": "color"
      },
      "pressed": {
        "value": "{brand-yellow.600}",
        "type": "color"
      },
      "bold": {
        "default": {
          "value": "{brand-yellow.700}",
          "type": "color"
        },
        "hover": {
          "value": "{brand-yellow.800}",
          "type": "color"
        },
        "pressed": {
          "value": "{brand-yellow.900}",
          "type": "color"
        }
      },
      "subtle": {
        "value": "{brand-yellow.100}",
        "type": "color"
      }
    },
    "brand-purple": {
      "default": {
        "value": "{brand-purple.200}",
        "type": "color"
      },
      "hover": {
        "value": "{brand-purple.500}",
        "type": "color"
      },
      "pressed": {
        "value": "{brand-purple.600}",
        "type": "color"
      },
      "bold": {
        "default": {
          "value": "{brand-purple.700}",
          "type": "color"
        },
        "hover": {
          "value": "{brand-purple.800}",
          "type": "color"
        },
        "pressed": {
          "value": "{brand-purple.900}",
          "type": "color"
        }
      },
      "subtlest": {
        "value": "{brand-purple.100}",
        "type": "color"
      }
    },
    "brand-green": {
      "default": {
        "value": "{brand-green.200}",
        "type": "color"
      },
      "hover": {
        "value": "{brand-green.500}",
        "type": "color"
      },
      "pressed": {
        "value": "{brand-green.600}",
        "type": "color"
      },
      "bold": {
        "default": {
          "value": "{brand-green.700}",
          "type": "color"
        },
        "hover": {
          "value": "{brand-green.800}",
          "type": "color"
        },
        "pressed": {
          "value": "{brand-green.900}",
          "type": "color"
        }
      }
    }
  },
  "text": {
    "default": {
      "value": "{grey.1200}",
      "type": "color"
    },
    "subtle": {
      "value": "{grey.900}",
      "type": "color"
    },
    "sublest": {
      "value": "{grey.800}",
      "type": "color"
    },
    "inverse": {
      "value": "{grey.0}",
      "type": "color"
    },
    "disabled": {
      "value": "{grey.700}",
      "type": "color"
    },
    "brand-blue": {
      "value": "{brand-blue.700}",
      "type": "color"
    },
    "negative": {
      "value": "{negative.800}",
      "type": "color"
    },
    "success": {
      "value": "{positive.800}",
      "type": "color"
    },
    "warning": {
      "value": "{warning.800}",
      "type": "color"
    },
    "infomative": {
      "value": "{info.800}",
      "type": "color"
    },
    "accent": {
      "red": {
        "value": "{accent.red.800}",
        "type": "color"
      },
      "orange": {
        "value": "{accent.orange.800}",
        "type": "color"
      },
      "yellow": {
        "value": "{accent.yellow.800}",
        "type": "color"
      },
      "lime": {
        "value": "{accent.lime.800}",
        "type": "color"
      },
      "cyan": {
        "value": "{accent.cyan.800}",
        "type": "color"
      },
      "blue": {
        "value": "{accent.blue.800}",
        "type": "color"
      },
      "indingo": {
        "value": "{accent.indingo.800}",
        "type": "color"
      },
      "purple": {
        "value": "{accent.purple.800}",
        "type": "color"
      },
      "pink": {
        "value": "{accent.pink.800}",
        "type": "color"
      },
      "green": {
        "value": "{accent.green.800}",
        "type": "color"
      }
    },
    "brand-yellow": {
      "value": "{brand-yellow.800}",
      "type": "color"
    },
    "brand-green": {
      "value": "{brand-green.800}",
      "type": "color"
    },
    "brand-purple": {
      "value": "{brand-purple.800}",
      "type": "color"
    }
  },
  "icon": {
    "inverse": {
      "value": "{grey.0}",
      "type": "color"
    },
    "default": {
      "value": "{grey.1200}",
      "type": "color"
    },
    "disabled": {
      "value": "{grey.700}",
      "type": "color"
    },
    "brand-blue": {
      "value": "{brand-blue.700}",
      "type": "color"
    },
    "negative": {
      "value": "{negative.700}",
      "type": "color"
    },
    "positive": {
      "value": "{positive.700}",
      "type": "color"
    },
    "warning": {
      "value": "{warning.700}",
      "type": "color"
    },
    "informative": {
      "value": "{info.700}",
      "type": "color"
    },
    "subtle": {
      "value": "{grey.900}",
      "type": "color"
    },
    "brand-yellow": {
      "value": "{brand-yellow.700}",
      "type": "color"
    },
    "brand-purple": {
      "value": "{brand-purple.700}",
      "type": "color"
    },
    "brand-green": {
      "value": "{brand-green.700}",
      "type": "color"
    },
    "bold": {
      "brand-blue": {
        "value": "{brand-blue.800}",
        "type": "color"
      },
      "brand-yellow": {
        "value": "{brand-yellow.800}",
        "type": "color"
      },
      "brand-purple": {
        "value": "{brand-purple.800}",
        "type": "color"
      },
      "brand-green": {
        "value": "{brand-green.800}",
        "type": "color"
      },
      "negative": {
        "value": "{negative.800}",
        "type": "color"
      },
      "positive": {
        "value": "{positive.800}",
        "type": "color"
      },
      "warning": {
        "value": "{warning.800}",
        "type": "color"
      },
      "informative": {
        "value": "{info.800}",
        "type": "color"
      },
      "red": {
        "value": "{accent.red.800}",
        "type": "color"
      },
      "orange": {
        "value": "{accent.orange.800}",
        "type": "color"
      },
      "yellow": {
        "value": "{accent.yellow.800}",
        "type": "color"
      },
      "lime": {
        "value": "{accent.lime.800}",
        "type": "color"
      },
      "green": {
        "value": "{accent.green.800}",
        "type": "color"
      },
      "cyan": {
        "value": "{accent.cyan.800}",
        "type": "color"
      },
      "blue": {
        "value": "{accent.blue.800}",
        "type": "color"
      },
      "indingo": {
        "value": "{accent.indingo.800}",
        "type": "color"
      },
      "purple": {
        "value": "{accent.purple.800}",
        "type": "color"
      },
      "pink": {
        "value": "{accent.pink.800}",
        "type": "color"
      }
    },
    "red": {
      "value": "{accent.red.700}",
      "type": "color"
    },
    "orange": {
      "value": "{accent.orange.700}",
      "type": "color"
    },
    "yellow": {
      "value": "{accent.yellow.700}",
      "type": "color"
    },
    "lime": {
      "value": "{accent.lime.700}",
      "type": "color"
    },
    "green": {
      "value": "{accent.green.700}",
      "type": "color"
    },
    "cyan": {
      "value": "{accent.cyan.700}",
      "type": "color"
    },
    "blue": {
      "value": "{accent.blue.700}",
      "type": "color"
    },
    "indingo": {
      "value": "{accent.indingo.700}",
      "type": "color"
    },
    "purple": {
      "value": "{accent.purple.700}",
      "type": "color"
    },
    "pink": {
      "value": "{accent.pink.700}",
      "type": "color"
    }
  },
  "border": {
    "neutral": {
      "default": {
        "value": "{grey.500}",
        "type": "color"
      },
      "bold": {
        "value": "{grey.700}",
        "type": "color"
      },
      "subtle": {
        "value": "{grey.400}",
        "type": "color"
      }
    },
    "brand-blue": {
      "default": {
        "value": "{brand-blue.300}",
        "type": "color"
      },
      "bold": {
        "value": "{brand-blue.600}",
        "type": "color"
      }
    },
    "danger": {
      "default": {
        "value": "{negative.300}",
        "type": "color"
      },
      "bold": {
        "value": "{negative.600}",
        "type": "color"
      }
    },
    "success": {
      "default": {
        "value": "{positive.300}",
        "type": "color"
      },
      "bold": {
        "value": "{positive.600}",
        "type": "color"
      }
    },
    "warning": {
      "default": {
        "value": "{warning.300}",
        "type": "color"
      },
      "bold": {
        "value": "{warning.600}",
        "type": "color"
      }
    },
    "informative": {
      "default": {
        "value": "{info.300}",
        "type": "color"
      },
      "bold": {
        "value": "{info.600}",
        "type": "color"
      }
    },
    "negative": {
      "default": {
        "value": "{negative.300}",
        "type": "color"
      },
      "bold": {
        "value": "{negative.600}",
        "type": "color"
      }
    },
    "brand-yellow": {
      "default": {
        "value": "{brand-yellow.300}",
        "type": "color"
      },
      "bold": {
        "value": "{brand-yellow.600}",
        "type": "color"
      }
    },
    "brand-purple": {
      "default": {
        "value": "{brand-purple.300}",
        "type": "color"
      },
      "bold": {
        "value": "{brand-purple.600}",
        "type": "color"
      }
    },
    "brand-green": {
      "default": {
        "value": "{brand-green.300}",
        "type": "color"
      },
      "bold": {
        "value": "{brand-green.600}",
        "type": "color"
      }
    },
    "accent": {
      "orange": {
        "default": {
          "value": "{accent.orange.300}",
          "type": "color"
        }
      },
      "yellow": {
        "default": {
          "value": "{accent.yellow.300}",
          "type": "color"
        }
      },
      "lime": {
        "default": {
          "value": "{accent.lime.300}",
          "type": "color"
        }
      },
      "green": {
        "default": {
          "value": "{accent.green.300}",
          "type": "color"
        }
      },
      "cyan": {
        "default": {
          "value": "{accent.cyan.300}",
          "type": "color"
        }
      },
      "blue": {
        "default": {
          "value": "{accent.blue.300}",
          "type": "color"
        }
      },
      "indingo": {
        "default": {
          "value": "{accent.indingo.300}",
          "type": "color"
        }
      },
      "purple": {
        "default": {
          "value": "{accent.purple.300}",
          "type": "color"
        }
      },
      "pink": {
        "default": {
          "value": "{accent.pink.300}",
          "type": "color"
        }
      },
      "red": {
        "default": {
          "value": "{accent.red.300}",
          "type": "color"
        }
      }
    }
  },
  "surface": {
    "default": {
      "value": "{grey.0}",
      "type": "color"
    },
    "raised": {
      "value": "{grey.0}",
      "type": "color"
    },
    "sunken": {
      "value": "{grey.100}",
      "type": "color"
    },
    "overlay": {
      "value": "#2d2f37b3",
      "type": "color"
    }
  }
}