{
  "grey": {
    "0": {
      "value": "#ffffff",
      "type": "color"
    },
    "100": {
      "value": "#fafbfc",
      "type": "color"
    },
    "200": {
      "value": "#f2f5f7",
      "type": "color"
    },
    "300": {
      "value": "#ebf0f2",
      "type": "color"
    },
    "400": {
      "value": "#e1e7ea",
      "type": "color"
    },
    "500": {
      "value": "#d7dee4",
      "type": "color"
    },
    "600": {
      "value": "#c7cfd7",
      "type": "color"
    },
    "700": {
      "value": "#a9b4c0",
      "type": "color"
    },
    "800": {
      "value": "#86909c",
      "type": "color"
    },
    "900": {
      "value": "#636a77",
      "type": "color"
    },
    "1000": {
      "value": "#414651",
      "type": "color"
    },
    "1100": {
      "value": "#2d2f37",
      "type": "color"
    },
    "1200": {
      "value": "#1d1e1b",
      "type": "color"
    }
  },
  "negative": {
    "100": {
      "value": "#fdeeee",
      "type": "color"
    },
    "200": {
      "value": "#f9cbcb",
      "type": "color"
    },
    "300": {
      "value": "#f6b7b7",
      "type": "color"
    },
    "400": {
      "value": "#f3a3a3",
      "type": "color"
    },
    "500": {
      "value": "#f08f8f",
      "type": "color"
    },
    "600": {
      "value": "#e17373",
      "type": "color"
    },
    "700": {
      "value": "#ca5252",
      "type": "color"
    },
    "800": {
      "value": "#9e3b3b",
      "type": "color"
    },
    "900": {
      "value": "#7f2c2c",
      "type": "color"
    }
  },
  "positive": {
    "100": {
      "value": "#eff9f2",
      "type": "color"
    },
    "200": {
      "value": "#caedd5",
      "type": "color"
    },
    "300": {
      "value": "#b6e5c6",
      "type": "color"
    },
    "400": {
      "value": "#a2ddb7",
      "type": "color"
    },
    "500": {
      "value": "#8ed5a8",
      "type": "color"
    },
    "600": {
      "value": "#79c894",
      "type": "color"
    },
    "700": {
      "value": "#51a56d",
      "type": "color"
    },
    "800": {
      "value": "#397950",
      "type": "color"
    },
    "900": {
      "value": "#2a5e3d",
      "type": "color"
    }
  },
  "brand-blue": {
    "100": {
      "value": "#eef9fd",
      "type": "color"
    },
    "200": {
      "value": "#d4f0fa",
      "type": "color"
    },
    "300": {
      "value": "#bee7f8",
      "type": "color"
    },
    "400": {
      "value": "#a8def5",
      "type": "color"
    },
    "500": {
      "value": "#92d4f2",
      "type": "color"
    },
    "600": {
      "value": "#69c0e5",
      "type": "color"
    },
    "700": {
      "value": "#2596c6",
      "type": "color"
    },
    "800": {
      "value": "#176589",
      "type": "color"
    },
    "900": {
      "value": "#0e4a68",
      "type": "color"
    }
  },
  "warning": {
    "100": {
      "value": "#fff2eb",
      "type": "color"
    },
    "200": {
      "value": "#fedcc5",
      "type": "color"
    },
    "300": {
      "value": "#fdceaf",
      "type": "color"
    },
    "400": {
      "value": "#fcbf99",
      "type": "color"
    },
    "500": {
      "value": "#fbb084",
      "type": "color"
    },
    "600": {
      "value": "#e99068",
      "type": "color"
    },
    "700": {
      "value": "#cc7b50",
      "type": "color"
    },
    "800": {
      "value": "#a16439",
      "type": "color"
    },
    "900": {
      "value": "#7e4d2a",
      "type": "color"
    }
  },
  "info": {
    "100": {
      "value": "#f5fafd",
      "type": "color"
    },
    "200": {
      "value": "#ddeef7",
      "type": "color"
    },
    "300": {
      "value": "#cce4f3",
      "type": "color"
    },
    "400": {
      "value": "#bbdaef",
      "type": "color"
    },
    "500": {
      "value": "#aad0eb",
      "type": "color"
    },
    "600": {
      "value": "#8ebdde",
      "type": "color"
    },
    "700": {
      "value": "#6499c6",
      "type": "color"
    },
    "800": {
      "value": "#4a7297",
      "type": "color"
    },
    "900": {
      "value": "#395978",
      "type": "color"
    }
  },
  "accent": {
    "red": {
      "200": {
        "value": "#f6dfde",
        "type": "color"
      },
      "300": {
        "value": "#eebfbc",
        "type": "color"
      },
      "500": {
        "value": "#dd7e7a",
        "type": "color"
      },
      "700": {
        "value": "#cc3e37",
        "type": "color"
      },
      "800": {
        "value": "#aa342e",
        "type": "color"
      },
      "900": {
        "value": "#882925",
        "type": "color"
      }
    },
    "orange": {
      "200": {
        "value": "#f8e9db",
        "type": "color"
      },
      "300": {
        "value": "#f0d3b7",
        "type": "color"
      },
      "500": {
        "value": "#e2a86e",
        "type": "color"
      },
      "700": {
        "value": "#d37c26",
        "type": "color"
      },
      "800": {
        "value": "#b06720",
        "type": "color"
      },
      "900": {
        "value": "#8d5319",
        "type": "color"
      }
    },
    "yellow": {
      "200": {
        "value": "#f8efd5",
        "type": "color"
      },
      "300": {
        "value": "#f2dfab",
        "type": "color"
      },
      "500": {
        "value": "#e4be58",
        "type": "color"
      },
      "700": {
        "value": "#d79e04",
        "type": "color"
      },
      "800": {
        "value": "#b38403",
        "type": "color"
      },
      "900": {
        "value": "#8f6903",
        "type": "color"
      }
    },
    "lime": {
      "200": {
        "value": "#edf3dc",
        "type": "color"
      },
      "300": {
        "value": "#dbe7b9",
        "type": "color"
      },
      "500": {
        "value": "#b7d072",
        "type": "color"
      },
      "700": {
        "value": "#93b82c",
        "type": "color"
      },
      "800": {
        "value": "#7a9925",
        "type": "color"
      },
      "900": {
        "value": "#627b1d",
        "type": "color"
      }
    },
    "green": {
      "200": {
        "value": "#e1f3e7",
        "type": "color"
      },
      "300": {
        "value": "#c3e7ce",
        "type": "color"
      },
      "500": {
        "value": "#86ce9e",
        "type": "color"
      },
      "700": {
        "value": "#4ab66d",
        "type": "color"
      },
      "800": {
        "value": "#3e985b",
        "type": "color"
      },
      "900": {
        "value": "#317949",
        "type": "color"
      }
    },
    "cyan": {
      "200": {
        "value": "#e5fafd",
        "type": "color"
      },
      "300": {
        "value": "#c0e9f5",
        "type": "color"
      },
      "500": {
        "value": "#76c3e1",
        "type": "color"
      },
      "700": {
        "value": "#2c9dcd",
        "type": "color"
      },
      "800": {
        "value": "#2588aa",
        "type": "color"
      },
      "900": {
        "value": "#1d667f",
        "type": "color"
      }
    },
    "blue": {
      "200": {
        "value": "#f0f3fc",
        "type": "color"
      },
      "300": {
        "value": "#d7def8",
        "type": "color"
      },
      "500": {
        "value": "#91acf1",
        "type": "color"
      },
      "700": {
        "value": "#4b7aea",
        "type": "color"
      },
      "800": {
        "value": "#3e63be",
        "type": "color"
      },
      "900": {
        "value": "#314f9b",
        "type": "color"
      }
    },
    "indingo": {
      "200": {
        "value": "#f4edfd",
        "type": "color"
      },
      "300": {
        "value": "#e3d4fa",
        "type": "color"
      },
      "500": {
        "value": "#b19ce6",
        "type": "color"
      },
      "700": {
        "value": "#7f63d2",
        "type": "color"
      },
      "800": {
        "value": "#684db7",
        "type": "color"
      },
      "900": {
        "value": "#503f86",
        "type": "color"
      }
    },
    "purple": {
      "200": {
        "value": "#f9ebfa",
        "type": "color"
      },
      "300": {
        "value": "#f1d6f5",
        "type": "color"
      },
      "500": {
        "value": "#d59ce1",
        "type": "color"
      },
      "700": {
        "value": "#b962cd",
        "type": "color"
      },
      "800": {
        "value": "#9449a4",
        "type": "color"
      },
      "900": {
        "value": "#70387d",
        "type": "color"
      }
    },
    "pink": {
      "200": {
        "value": "#fce6f0",
        "type": "color"
      },
      "300": {
        "value": "#f7cae1",
        "type": "color"
      },
      "500": {
        "value": "#e990c1",
        "type": "color"
      },
      "700": {
        "value": "#db56a1",
        "type": "color"
      },
      "800": {
        "value": "#b44586",
        "type": "color"
      },
      "900": {
        "value": "#8f346a",
        "type": "color"
      }
    }
  },
  "brand-yellow": {
    "100": {
      "value": "#fefbe8",
      "type": "color"
    },
    "200": {
      "value": "#fcf1c2",
      "type": "color"
    },
    "300": {
      "value": "#fbebab",
      "type": "color"
    },
    "400": {
      "value": "#f9e494",
      "type": "color"
    },
    "500": {
      "value": "#f8dd7d",
      "type": "color"
    },
    "600": {
      "value": "#eecf5a",
      "type": "color"
    },
    "700": {
      "value": "#c7aa2c",
      "type": "color"
    },
    "800": {
      "value": "#9f8620",
      "type": "color"
    },
    "900": {
      "value": "#7f6a15",
      "type": "color"
    }
  },
  "brand-purple": {
    "100": {
      "value": "#f8f6fd",
      "type": "color"
    },
    "200": {
      "value": "#e9e1f9",
      "type": "color"
    },
    "300": {
      "value": "#ded2f6",
      "type": "color"
    },
    "400": {
      "value": "#d3c3f3",
      "type": "color"
    },
    "500": {
      "value": "#c8b4f0",
      "type": "color"
    },
    "600": {
      "value": "#af99e3",
      "type": "color"
    },
    "700": {
      "value": "#8262ca",
      "type": "color"
    },
    "800": {
      "value": "#614591",
      "type": "color"
    },
    "900": {
      "value": "#4d376d",
      "type": "color"
    }
  },
  "brand-green": {
    "100": {
      "value": "#eefdfb",
      "type": "color"
    },
    "200": {
      "value": "#cff7f1",
      "type": "color"
    },
    "300": {
      "value": "#bcf3ea",
      "type": "color"
    },
    "400": {
      "value": "#a9efe3",
      "type": "color"
    },
    "500": {
      "value": "#96ebdc",
      "type": "color"
    },
    "600": {
      "value": "#72dbcd",
      "type": "color"
    },
    "700": {
      "value": "#35b9ad",
      "type": "color"
    },
    "800": {
      "value": "#24857a",
      "type": "color"
    },
    "900": {
      "value": "#1a665b",
      "type": "color"
    }
  }
}