{
  "0": {
    "value": "0rem",
    "type": "dimension"
  },
  "25": {
    "value": "0.062rem",
    "type": "dimension"
  },
  "50": {
    "value": "0.125rem",
    "type": "dimension"
  },
  "100": {
    "value": "0.25rem",
    "type": "dimension"
  },
  "150": {
    "value": "0.375rem",
    "type": "dimension"
  },
  "200": {
    "value": "0.5rem",
    "type": "dimension"
  },
  "300": {
    "value": "0.75rem",
    "type": "dimension"
  },
  "9999": {
    "value": "624.938rem",
    "type": "dimension"
  }
}