{
  "0": {
    "value": "0rem",
    "type": "dimension"
  },
  "50": {
    "value": "0.125rem",
    "type": "dimension"
  },
  "100": {
    "value": "0.25rem",
    "type": "dimension"
  },
  "150": {
    "value": "0.375rem",
    "type": "dimension"
  },
  "200": {
    "value": "0.5rem",
    "type": "dimension"
  },
  "250": {
    "value": "0.625rem",
    "type": "dimension"
  },
  "300": {
    "value": "0.75rem",
    "type": "dimension"
  },
  "400": {
    "value": "1rem",
    "type": "dimension"
  },
  "500": {
    "value": "1.25rem",
    "type": "dimension"
  },
  "600": {
    "value": "1.5rem",
    "type": "dimension"
  },
  "800": {
    "value": "2rem",
    "type": "dimension"
  },
  "1000": {
    "value": "2.5rem",
    "type": "dimension"
  },
  "1200": {
    "value": "3rem",
    "type": "dimension"
  },
  "1600": {
    "value": "4rem",
    "type": "dimension"
  },
  "2000": {
    "value": "5rem",
    "type": "dimension"
  }
}